,id,name,no_ep
0,1,Rick Sanchez,51
1,2,Morty Smith,51
2,3,Summer Smith,42
3,4,Beth Smith,42
4,5,Jerry Smith,39
5,6,Abadango Cluster Princess,1
6,7,Abradolf Lincler,2
7,8,Adjudicator Rick,1
8,9,Agency Director,1
9,10,Alan Rails,1
10,11,Albert Einstein,1
11,12,Alexander,1
12,13,Alien Googah,1
13,14,Alien Morty,1
14,15,Alien Rick,1
15,16,Amish Cyborg,1
16,17,Annie,1
17,18,Antenna Morty,2
18,19,Antenna Rick,1
19,20,Ants in my Eyes Johnson,1
20,21,Aqua Morty,2
21,22,Aqua Rick,3
22,23,Arcade Alien,5
23,24,Armagheadon,1
24,25,Armothy,1
25,26,Arthricia,1
26,27,Artist Morty,2
27,28,Attila Starwar,3
28,29,Baby Legs,1
29,30,Baby Poopybutthole,1
30,31,Baby Wizard,1
31,32,Bearded Lady,1
32,33,Beebo,1
33,34,Benjamin,3
34,35,Bepisian,4
35,36,Beta-Seven,1
36,37,Beth Sanchez,1
37,38,Beth Smith,8
38,39,Beth Smith,1
39,40,Beth's Mytholog,1
40,41,Big Boobed Waitress,1
41,42,Big Head Morty,1
42,43,Big Morty,1
43,44,Body Guard Morty,1
44,45,Bill,1
45,46,Bill,1
46,47,Birdperson,7
47,48,Black Rick,2
48,49,Blamph,1
49,50,Blim Blam,1
50,51,Blue Diplomat,1
51,52,Blue Footprint Guy,1
52,53,Blue Shirt Morty,1
53,54,Bobby Moynihan,1
54,55,Boobloosian,2
55,56,Bootleg Portal Chemist Rick,1
56,57,Borpocian,1
57,58,Brad,4
58,59,Brad Anderson,1
59,60,Calypso,1
60,61,Campaign Manager Morty,1
61,62,Canklanker Thom,1
62,63,Centaur,1
63,64,Chris,1
64,65,Chris,1
65,66,Coach Feratu (Balik Alistane),1
66,67,Collector,1
67,68,Colossus,1
68,69,Commander Rick,1
69,70,Concerto,1
70,71,Conroy,1
71,72,Cool Rick,1
72,73,Cop Morty,1
73,74,Cop Rick,1
74,75,Courier Flap,1
75,76,Cousin Nicky,1
76,77,Cowboy Morty,1
77,78,Cowboy Rick,2
78,79,Crab Spider,1
79,80,Creepy Little Girl,1
80,81,Crocubot,1
81,82,Cronenberg Rick,2
82,83,Cronenberg Morty,2
83,84,Cult Leader Morty,1
84,85,Cyclops Morty,2
85,86,Cyclops Rick,3
86,87,Cynthia,1
87,88,Cynthia,4
88,89,Dale,1
89,90,Daron Jefferson,1
90,91,David Letterman,1
91,92,Davin,2
92,93,Diablo Verde,1
93,94,Diane Sanchez,2
94,95,Dipper and Mabel Mortys,1
95,96,Tuberculosis,1
96,97,Gonorrhea,1
97,98,Hepatitis A,1
98,99,Hepatitis C,1
99,100,Bubonic Plague,1
100,101,E. Coli,1
101,102,Donna Gueterman,1
102,103,Doofus Rick,2
103,104,Doom-Nomitron,1
104,105,Dr. Glip-Glop,1
105,106,Dr. Schmidt,1
106,107,Dr. Wong,2
107,108,Dr. Xenon Bloom,1
108,109,Duck With Muscles,1
109,110,Eli,1
110,111,Eli's Girlfriend,1
111,112,Eric McMan,1
112,113,Eric Stoltz Mask Morty,1
113,114,Ethan,1
114,115,Ethan,2
115,116,Evil Beth Clone,1
116,117,Evil Jerry Clone,1
117,118,Evil Morty,3
118,119,Evil Rick,1
119,120,Evil Summer Clone,1
120,121,Eyehole Man,1
121,122,Fart,1
122,123,Fat Morty,1
123,124,Father Bob,2
124,125,Flansian,3
125,126,Fleeb,1
126,127,Frank Palicky,1
127,128,Frankenstein's Monster,1
128,129,Fulgora,3
129,130,Galactic Federation President,1
130,131,Gar Gloonch,3
131,132,Gar's Mytholog,1
132,133,Garblovian,3
133,134,Garmanarnar,1
134,135,Garment District Rick,1
135,136,Gazorpazorpfield,2
136,137,Gene,2
137,138,General Nathan,1
138,139,General Store Owner,1
139,140,Genital Washer,1
140,141,Ghost in a Jar,1
141,142,Gibble Snake,1
142,143,Glasses Morty,1
143,144,Glenn,1
144,145,Glenn,1
145,146,Glexo Slim Slom,1
146,147,Gobo,1
147,148,Goddess Beth,1
148,149,Gordon Lunas,1
149,150,Cornvelious Daniel,1
150,151,Gwendolyn,1
151,152,Hammerhead Morty,2
152,153,Hamster In Butt,2
153,154,Hamurai,1
154,155,Harold,1
155,156,Hemorrhage,1
156,157,Hole in the Wall Where the Men Can See it All,1
157,158,Hookah Alien,1
158,159,Hunter,1
159,160,Hunter's Father,1
160,161,Hydrogen-F,1
161,162,Ice-T,1
162,163,Ideal Jerry,1
163,164,Insurance Rick,1
164,165,Investigator Rick,1
165,166,Invisi-trooper,1
166,167,Izzy,1
167,168,Jackie,1
168,169,Jacob,2
169,170,Jacqueline,1
170,171,Jaguar,1
171,172,Jamey,1
172,173,Jan-Michael Vincent,1
173,174,Jerry 5-126,1
174,175,Jerry Smith,7
175,176,Celebrity Jerry,1
176,177,Jerry Smith,1
177,178,Jerry's Mytholog,1
178,179,Jessica,3
179,180,Jessica,12
180,181,Jessica's Friend,8
181,182,Jim,1
182,183,Johnny Depp,1
183,184,Jon,1
184,185,Joseph Eli Lipkip,1
185,186,Joyce Smith,1
186,187,Juggling Rick,1
187,188,Karen Entity,1
188,189,Katarina,1
189,190,Keara,1
190,191,Kevin,1
191,192,King Flippy Nips,1
192,193,King Jellybean,1
193,194,Kozbian,1
194,195,Kristen Stewart,1
195,196,Krombopulos Michael,1
196,197,Kyle,1
197,198,Lady Katana,1
198,199,Larva Alien,3
199,200,Lawyer Morty,1
200,201,Leonard Smith,1
201,202,Lighthouse Keeper,1
202,203,Lil B,2
203,204,Lisa,1
204,205,Little Dipper,1
205,206,Lizard Morty,1
206,207,Loggins,3
207,208,Logic,1
208,209,Long Sleeved Morty,1
209,210,Lucy,1
210,211,Ma-Sha,1
211,212,Magma-Q,1
212,213,Magnesium-J,1
213,214,Man Painted Silver Who Makes Robot Noises,1
214,215,Maximums Rickimus,3
215,216,MC Haps,3
216,217,Mechanical Morty,1
217,218,Mechanical Rick,1
218,219,Mechanical Summer,1
219,220,Mega Fruit Farmer Rick,1
220,221,Melissa,1
221,222,Michael Denny and the Denny Singers,1
222,223,Michael Jenkins,1
223,224,Michael McLick,1
224,225,Michael Thompson,1
225,226,Million Ants,1
226,227,Mitch,1
227,228,Mohawk Guy,1
228,229,Morty Mart Manager Morty,1
229,230,Morty Jr.,1
230,231,Morty Rick,1
231,232,Morty Smith,1
232,233,Morty K-22,1
233,234,Morty Smith,1
234,235,Mortytown Loco,1
235,236,Mr. Beauregard,1
236,237,Mr. Benson,1
237,238,Mr. Booby Buyer,1
238,239,Mr. Goldenfold,4
239,240,Mr. Goldenfold,10
240,241,Mr. Marklovitz,2
241,242,Mr. Meeseeks,5
242,243,Mr. Needful,1
243,244,Mr. Poopybutthole,7
244,245,Mrs. Lipkip,1
245,246,Mrs. Pancakes,2
246,247,Amy Poopybutthole,1
247,248,Mrs. Refrigerator,1
248,249,Mrs. Sanchez,4
249,250,Mrs. Sullivan,1
250,251,Nancy,6
251,252,Noob-Noob,1
252,253,Numbericon,1
253,254,Octopus Man,1
254,255,Orthodox Jew,1
255,256,Pat Gueterman,1
256,257,Paul Fleishman,1
257,258,Pawnshop Clerk,1
258,259,Pencilvester,1
259,260,Phillip Jacobs,1
260,261,Photography Cyborg,1
261,262,Photography Raptor,1
262,263,Pibbles Bodyguard,1
263,264,Pichael Thompson,1
264,265,Pickle Rick,1
265,266,Piece of Toast,2
266,267,Plumber Rick,1
267,268,Poncho,1
268,269,Presidentress of The Mega Gargantuans,1
269,270,Prince Nebulon,1
270,271,Principal Vagina,3
271,272,Principal Vagina,6
272,273,Purge Planet Ruler,1
273,274,Quantum Rick,3
274,275,Randy Dicknose,1
275,276,Rat Boss,1
276,277,Real Fake Doors Salesman,1
277,278,Regional Manager Rick,1
278,279,Regular Legs,1
279,280,Reverse Giraffe,1
280,281,Reverse Rick Outrage,1
281,282,Revolio Clockberg Jr.,3
282,283,Rick D. Sanchez III,1
283,284,Rick Guilt Rick,1
284,285,Rick Prime,2
285,286,Rick D-99,1
286,287,Rick D716,1
287,288,Rick D716-B,1
288,289,Rick D716-C,1
289,290,Rick Sanchez,1
290,291,Rick J-22,1
291,292,Rick K-22,1
292,293,Rick Sanchez,1
293,294,Ricktiminus Sancheziminius,3
294,295,Riq IV,3
295,296,Risotto Groupon,1
296,297,Risotto's Tentacled Henchman,1
297,298,Robot Morty,1
298,299,Robot Rick,1
299,300,Roger,1
300,301,Ron Benson,1
301,302,Ruben,1
302,303,Samantha,1
303,304,Scary Brandon,1
304,305,Scary Glenn,1
305,306,Scary Terry,1
306,307,Scroopy Noopers,1
307,308,Scropon,2
308,309,Scrotian,4
309,310,Self-Congratulatory Jerry,1
310,311,Shimshamian,3
311,312,Shlaammi,1
312,313,Shleemypants,2
313,314,Shmlamantha Shmlicelli,1
314,315,Shmlangela Shmlobinson-Shmlower,1
315,316,Shmlona Shmlobinson,1
316,317,Shmlonathan Shmlower,1
317,318,Shmlony Shmlicelli,1
318,319,Shmooglite Runner,1
319,320,Shnoopy Bloopers,1
320,321,Shrimply Pibbles,1
321,322,Simple Rick,1
322,323,Slaveowner,1
323,324,Sleepy Gary,1
324,325,Slick Morty,1
325,326,Slippery Stair,2
326,327,Slow Mobius,1
327,328,Slow Rick,1
328,329,Snuffles (Snowball),8
329,330,Solicitor Rick,2
330,331,Squanchy,3
331,332,Stacy,1
332,333,Stair Goblin,3
333,334,Stealy,1
334,335,Steve,1
335,336,Steven Phillips,1
336,337,Stu,1
337,338,Summer Smith,7
338,339,Summer Smith,1
339,340,Supernova,1
340,341,Taddy Mason,1
341,342,Taint Washer,1
342,343,Tammy Guetermann,2
343,344,Tammy Guetermann,5
344,345,Teacher Rick,1
345,346,Terry,1
346,347,President Curtis,5
347,348,The President of the Miniverse,1
348,349,The Scientist Formerly Known as Rick,1
349,350,Thomas Lipkip,1
350,351,Three Unknown Things,1
351,352,Tinkles,1
352,353,Tiny Rick,1
353,354,Toby Matthews,1
354,355,Todd Crystal,1
355,356,Tom Randolph,1
356,357,Tommy's Clone,1
357,358,Tophat Jones,3
358,359,Tortured Morty,1
359,360,Toxic Morty,1
360,361,Toxic Rick,1
361,362,Traflorkian,5
362,363,Trandor,1
363,364,Tree Person,1
364,365,Tricia Lange,5
365,366,Trunk Morty,1
366,367,Trunk Man,2
367,368,Truth Tortoise,1
368,369,Tusked Assassin,1
369,370,Two Guys with Handlebar Mustaches,1
370,371,Tumblorkian,1
371,372,Unity,1
372,373,Unmuscular Michael,1
373,374,Vampire Master,1
374,375,Vance Maximus,1
375,376,Veronica Ann Bennet,1
376,377,Voltematron,1
377,378,Wall Crawling Rick,1
378,379,Wedding Bartender,1
379,380,Unknown Rick,2
380,381,Woman Rick,1
381,382,Worldender,1
382,383,Yaarb,1
383,384,Yellow Headed Doctor,1
384,385,Yellow Shirt Rick,1
385,386,Zarbadar Gloonch,2
386,387,Zarbadar's Mytholog,1
387,388,Zeep Xanflorp,1
388,389,Zeta Alpha Rick,4
389,390,Zick Zack,1
390,391,Uncle Steve,1
391,392,Bearded Morty,2
392,393,Roy,1
393,394,Davin,2
394,395,Greebybobe,4
395,396,Scary Teacher,1
396,397,Fido,1
397,398,Accountant dog,1
398,399,Tiny-persons advocacy group lawyer,1
399,400,Giant Judge,1
400,401,Morty Jr's interviewer,1
401,402,Guy from The Bachelor,1
402,403,Corn detective,1
403,404,Michael Jackson,1
404,405,Trunkphobic suspenders guy,4
405,406,Spiderweb teddy bear,1
406,407,Regular Tyrion Lannister,1
407,408,Quick Mystery Presenter,1
408,409,Mr. Sneezy,1
409,410,Two Brothers,1
410,411,Alien Mexican Armada,1
411,412,Giant Cat Monster,1
412,413,Old Women,1
413,414,Trunkphobic guy,1
414,415,Pro trunk people marriage guy,1
415,416,Muscular Mannie,1
416,417,Baby Legs Chief,1
417,418,Mrs. Sullivan's Boyfriend,1
418,419,Plutonian Hostess,1
419,420,Plutonian Host,1
420,421,Rich Plutonian,1
421,422,Rich Plutonian,1
422,423,Synthetic Laser Eels,1
423,424,Pizza-person,1
424,425,Pizza-person,1
425,426,Greasy Grandma,1
426,427,Phone-person,1
427,428,Phone-person,1
428,429,Chair-person,1
429,430,Chair-person,1
430,431,Chair-homeless,1
431,432,Chair-waiter,1
432,433,Doopidoo,1
433,434,Super Weird Rick,1
434,435,Pripudlian,4
435,436,Giant Testicle Monster,2
436,437,Michael,1
437,438,Michael's Lawyer,1
438,439,Veterinary,1
439,440,Veterinary Nurse,1
440,441,Bearded Jerry,1
441,442,Shaved Head Jerry,1
442,443,Tank Top Jerry,1
443,444,Pink Polo Shirt Jerry,1
444,445,Jerryboree Keeper,1
445,446,Jerryboree Receptionist,1
446,447,Anchor Gear,1
447,448,Gear Cop,1
448,449,Roy's Mum,1
449,450,Roy's Wife,1
450,451,Roy's Son,1
451,452,Simon,1
452,453,Vampire Master's Assistant,1
453,454,Arbolian Mentirososian,3
454,455,St. Gloopy Noops Nurse,1
455,456,Nano Doctor,1
456,457,Funny Songs Presenter,1
457,458,Tax Attorney,1
458,459,Butthole Ice Cream Guy,1
459,460,Traflorkian Journalist,1
460,461,Communication's Responsible Rick,1
461,462,Teleportation's Responsible Rick,1
462,463,SEAL Team Rick,1
463,464,SEAL Team Rick,1
464,465,SEAL Team Rick,1
465,466,SEAL Team Rick,1
466,467,Morphizer-XE Customer Support,1
467,468,Morphizer-XE Customer Support,1
468,469,Morphizer-XE Customer Support,1
469,470,Alien Spa Employee,1
470,471,Little Voltron,1
471,472,Baby Rick,1
472,473,Bartender Morty,1
473,474,Dancer Cowboy Morty,1
474,475,Dancer Morty,1
475,476,Flower Morty,1
476,477,Hairdresser Rick,1
477,478,Journalist Rick,1
478,479,Private Sector Rick,1
479,480,Purple Morty,1
480,481,Retired General Rick,1
481,482,Secret Service Rick,1
482,483,Steve Jobs Rick,1
483,484,Sheik Rick,1
484,485,Modern Rick,1
485,486,Tan Rick,1
486,487,Visor Rick,1
487,488,Colonial Rick,1
488,489,P-Coat Rick,1
489,490,Chang,1
490,491,Dr. Eleanor Arroway,1
491,492,Varrix,1
492,493,Secretary of the Interior,1
493,494,Crystal Poacher,1
494,495,Crystal Poacher,1
495,496,Crystal Poacher,1
496,497,Hologram Rick,1
497,498,Fascist Rick,1
498,499,Fascist Morty,1
499,500,Fascist Mr. President,1
500,501,Fascist Rick’s Clone,1
501,502,Revolio Clockberg Jr.,1
502,503,Fascist Shrimp Rick,1
503,504,Fascist Shrimp Rick’s Clone,1
504,505,Fascist Shrimp Morty,1
505,506,Fascist Shrimp SS,1
506,507,Fascist Teddy Bear Rick,1
507,508,Fascist Teddy Bear Rick’s Clone,1
508,509,Bully,1
509,510,Anchorman,1
510,511,Anchorwoman,1
511,512,Morty’s Lawyer,1
512,513,Judge,1
513,514,Public Opinion Judge,1
514,515,Caterpillar Mr. Goldenfold,1
515,516,Wasp Rick,1
516,517,Wasp Rick’s Clone,1
517,518,Wasp Morty,1
518,519,Wasp Summer,1
519,520,Wasp Jerry,1
520,521,Wasp Beth,1
521,522,Caterpillar Mr. Goldenfold’s Larvae,1
522,523,Boglin,1
523,524,Kirkland Brand Mr. Meeseeks,1
524,525,Glootie,1
525,526,Danny Publitz,1
526,527,Mothership Intern,1
527,528,Monogatron Leader,1
528,529,Lizard,1
529,530,Deliverance,1
530,531,Tony,1
531,532,Tony’s Wife,1
532,533,Monogatron Queen,1
533,534,Tony's Dad,1
534,535,Jeff,1
535,536,Josiah,1
536,537,Maggie,1
537,538,Priest Witherspoon,1
538,539,Richard,1
539,540,Running Bird,1
540,541,Secretary at Tony's,1
541,542,Mountain Sweat Jerry,1
542,543,Vermigurber,1
543,544,Miles Knightly,1
544,545,Heist-Con Receptionist,1
545,546,Angie Flint,1
546,547,Glar,1
547,548,Truckula,1
548,549,Snake Arms,1
549,550,Double Microwawe,1
550,551,Monitor Lord,1
551,552,Key Catcher,1
552,553,The Shapeshiftress,1
553,554,Heistotron,1
554,555,Randotron,1
555,556,Hephaestus,1
556,557,Ventriloquiver,1
557,558,Elon Tusk,1
558,559,Gramuflackian Anchorman,1
559,560,Gramuflackian General,1
560,561,Netflix Executive,1
561,562,Balthromaw,1
562,563,The Wizard,1
563,564,Talking Cat,1
564,565,Debrah,1
565,566,Debrah’s Partner,1
566,567,Michael,1
567,568,Slut Dragon,1
568,569,Shadow Jacker,1
569,570,Chachi,1
570,571,Slippy,1
571,572,Robot Snake,1
572,573,Snake Hitler,1
573,574,Snake Lincoln,1
574,575,Snake Resistance Robot,1
575,576,Snake Linguist,1
576,577,Snake Terminator,1
577,578,Snake Soldier,1
578,579,Snake with Legs,1
579,580,Secret Service Snake,1
580,581,Anchosnake,1
581,582,Anchosnake,1
582,583,80's snake,1
583,584,Bar Customer,1
584,585,Bartender,1
585,586,PC Basketball Player,1
586,587,Cavesnake,1
587,588,Pet Shop Employee,1
588,589,Snake Reporter,1
589,590,High Pilot,1
590,591,High Pilot,1
591,592,Phoenixperson,3
592,593,Tickets Please Guy,1
593,594,Floaty Bloody Man,1
594,595,Floaty Non-Gasm Brotherhood Member,1
595,596,Floaty Non-Gasm Brotherhood Member Friend,1
596,597,Abradolf Lincler,1
597,598,Biblesaurus,1
598,599,Birdperson,1
599,600,Cats Fan,1
600,601,Christmas Storyteller,1
601,602,Cookies Guy,1
602,603,Crossy,1
603,604,Female Scorpion,1
604,605,Floaty Bloody Man’s Daughter,1
605,606,Goomby,1
606,607,Hairspray Fan,1
607,608,Jesus Christ,1
608,609,Josh,1
609,610,Josh's Sister,1
610,611,Leah,1
611,612,Marcus,1
612,613,Mike Johnson,1
613,614,Mr. Celery & Friends,1
614,615,Musical Fan,1
615,616,Phantom of the Opera Fan,1
616,617,Phoenixperson,1
617,618,Private Smith,1
618,619,Professor Sanchez,1
619,620,Ramamama Lord,1
620,621,Ruth Bader Ginsburg,1
621,622,Sarge,1
622,623,Shrek The Musical Fan,1
623,624,Snuffles,1
624,625,Storylord,1
625,626,Tammy Guetermann,1
626,627,The Concept of Time,1
627,628,Beth Smith,1
628,629,Summer Smith,1
629,630,Morty Smith,1
630,631,Rick Sanchez,1
631,632,Train Cop,1
632,633,Train Cops,1
633,634,Train Cops Instructor,1
634,635,Darth Poopybutthole,1
635,636,Evil Morty,1
636,637,Morty’s Disguise,1
637,638,Rick’s Disguise,1
638,639,Uncle Nibbles,1
639,640,Angry Glorzo,1
640,641,Bruce,1
641,642,Council of Glorzos Member,1
642,643,Council of Glorzos Member,1
643,644,Old Glorzo,1
644,645,Shane,1
645,646,Steve,1
646,647,Troy,1
647,648,Crystal Dealers Boss,1
648,649,Crystal Dealer,1
649,650,Crystal Dealer,1
650,651,Crystal Dealer,1
651,652,SWAT Officer,1
652,653,Plane Crash Survivor,1
653,654,Plane Crash Survivor,1
654,655,Heroine Keith,1
655,656,Impervious to Acid SWAT Officer,1
656,657,Johnny Carson,1
657,658,Sonia Sotomayor,1
658,659,Morty’s Father-in-law,1
659,660,Morty’s Mother-in-law,1
660,661,Morty’s Girlfriend,1
661,662,Gaia,1
662,663,Reggie,1
663,664,Ticktock,1
664,665,Florflock,1
665,666,Squeeb,1
666,667,Defiance Beth,2
667,668,Defiance Squanchette,1
668,669,Defiance Doctor,1
669,670,New Improved Galactic Federation Guard,1
670,671,New Improved Galactic Federation Guard,1
671,672,Mr. Nimbus,1
672,673,Hoovy,1
673,674,Bova,1
674,675,Japheth,1
675,676,Japheth's Middle Son,1
676,677,Japheth's Eldest Son,1
677,678,Japheth's Youngest Son,1
678,679,Japheth's Grandson,1
679,680,Adam,1
680,681,Adam's Mother,1
681,682,Warlock,1
682,683,Evolved Narnian,1
683,684,Mr. Nimbus Secretary,1
684,685,Evolved Narnian Disguised as Morty,1
685,686,Mr. Nimbus' Squid,1
686,687,Scarecrow Rick,1
687,688,Scarecrow Summer,1
688,689,Scarecrow Jerry,1
689,690,Scarecrow Morty,1
690,691,Scarecrow Beth,1
691,692,Glockenspiel Jerry,1
692,693,Glockenspiel Beth,1
693,694,Glockenspiel Rick,1
694,695,Glockenspiel Summer,1
695,696,Glockenspiel Morty,1
696,697,Wicker Beth,1
697,698,Wicker Rick,1
698,699,Wicker Morty,1
699,700,Wicker Summer,1
700,701,Metal Rick,1
701,702,Gun Brain Rick,1
702,703,Mr. Always Wants to be Hunted,1
703,704,Squid Costume Beth,1
704,705,Squid Costume Jerry,1
705,706,Squid Costume Morty,1
706,707,Squid Costume Rick,1
707,708,Squid Costume Summer,1
708,709,Dracula,1
709,710,Steve,1
710,711,When Wolf,1
711,712,Too Cute to Murder Beth,1
712,713,Too Cute to Murder Rick,1
713,714,Too Cute to Murder Jerry,1
714,715,Too Cute to Murder Morty,1
715,716,Too Cute to Murder Summer,1
716,717,Planetina,1
717,718,Daphne,1
718,719,Diesel Weasel,1
719,720,Eddie,1
720,721,Xing Ho,1
721,722,Air Tina-Teer,1
722,723,Water Tina-Teer,1
723,724,Planetina Buyer,1
724,725,Tony Galopagus,1
725,726,Sticky,1
726,727,Professor Shabooboo,1
727,728,Sperm Queen,1
728,729,CHUD King,1
729,730,Princess Ponietta,1
730,731,Naruto Smith,2
731,732,Blazen,1
732,733,Kathy Ireland,1
733,734,Amazing Johnathan,1
734,735,Foal Sanchez,1
735,736,Spaceman,1
736,737,Cirque du Soleil Zumanity Member,1
737,738,Cirque du Soleil Zumanity Member,1
738,739,Cirque du Soleil Zumanity Member,1
739,740,Cirque du Soleil Zumanity Member,1
740,741,Cirque du Soleil Zumanity Member,1
741,742,Bruce Chutback,1
742,743,Alyson Hannigan,1
743,744,Cenobite,1
744,745,Cenobite,1
745,746,Cenobite,1
746,747,Cenobite,1
747,748,Cenobite,1
748,749,Coat Rack Head,1
749,750,Mousetrap Nipples,1
750,751,Changeformer,1
751,752,Changeformer,1
752,753,Space Cruiser,2
753,754,Coop,1
754,755,Dwayne,1
755,756,Franklin D. Roosevelt,1
756,757,President's General,2
757,758,Giant Assassin Hidden in the Statue of Liberty,1
758,759,Turkey Morty,1
759,760,Turkey Rick,1
760,761,Turkey President Curtis,1
761,762,Martínez,1
762,763,Marvin,1
763,764,Jackey,1
764,765,Native Alien,1
765,766,Pilgrim Alien,1
766,767,President Turkey,1
767,768,Mary-Lou,1
768,769,Big Fat rick,1
769,770,Hothead Rick,1
770,771,Ricardo Montoya,1
771,772,Wrap-it-up Little Rick,1
772,773,Yo-yo Rick,1
773,774,Voiceoverian,1
774,775,Voiceoverian,1
775,776,Gotron Pilot,1
776,777,Gotron Pilot,1
777,778,Gotron Pilot,1
778,779,Young Memory Rick,1
779,780,Memory Tammy,1
780,781,Rick's Garage,1
781,782,Memory Squanchy,1
782,783,Memory Rick,1
783,784,Memory Rick,1
784,785,Memory Geardude,1
785,786,Birdperson & Tammy's Child,1
786,787,Two Crows,2
787,788,Mr. Cookie President,1
788,789,Nick,1
789,790,Harold (Garbage Goober),1
790,791,Harold's Wife,1
791,792,Alien Crow,1
792,793,Alien Crow,1
793,794,Samansky,1
794,795,Palicki,1
795,796,Sarge,1
796,797,Slartivartian,1
797,798,Ferkusian,1
798,799,Morglutzian,1
799,800,Super Turkey,1
800,801,7+7 Years Old Morty,1
801,802,26 Years Old Morty,1
802,803,40 Years Old Morty,1
803,804,Andy,1
804,805,Baby Mouse Skin Morty,1
805,806,Metaphor for Capitalism,1
806,807,Beth Sanchez,1
807,808,Crow Scare,1
808,809,Pussifer,1
809,810,Stan Lee Rick,1
810,811,Re-Build-a-Morty Morty,1
811,812,Deformed Morty,1
812,813,Crow Horse,1
813,814,Bald Rick,1
814,815,Punk Rick,1
815,816,Party Rick,1
816,817,Scar Rick,1
817,818,Long Hair Rick,1
818,819,Redhead Rick,1
819,820,Redhead Morty,1
820,821,Gotron,1
821,822,Young Jerry,1
822,823,Young Beth,1
823,824,Young Beth,1
824,825,Young Jerry,1
825,826,Butter Robot,1
